{"cameraMode":{"drawMode":0,"name":"Shaded","section":"Shading Mode"},"sceneLighting":true,"audioPlay":false,"sceneViewState":{"showFog":false,"showMaterialUpdate":false,"showSkybox":false,"showFlares":false,"showImageEffects":false,"showParticleSystems":true},"in2DMode":false,"pivot":{"x":-0.43111762404441836,"y":10.728227615356446,"z":-0.6844103932380676},"rotation":{"x":0.2122238725423813,"y":0.02051968313753605,"z":-0.004457332193851471,"w":0.9769954681396484},"size":26.326108932495118,"orthographic":true}